"","variant","description","exposure","outcome"
"1","7:141673345:C:G","Salt added to food","alcohol","GIANT_Height_Yengo"
"2","4:39414993:A:G","Alcohol intake frequency.","alcohol","GIANT_Height_Yengo"
"3","16:28539848:C:T","Alcohol intake frequency.","alcohol","GIANT_Height_Yengo"
"4","12:50245706:A:G","Comparative body size at age 10","alcohol","GIANT_Height_Yengo"
"5","16:53800954:T:C","Comparative body size at age 10","alcohol","GIANT_Height_Yengo"
"6","18:57829135:T:C","Comparative body size at age 10","alcohol","GIANT_Height_Yengo"
"7","2:23889134:C:G","Sitting height","alcohol","GIANT_Height_Yengo"
"8","17:44134095:A:G","Sitting height","alcohol","GIANT_Height_Yengo"
"9","4:103188709:C:T","Fluid intelligence score","alcohol","GIANT_Height_Yengo"
"10","17:44134095:A:G","Forced expiratory volume in 1-second (FEV1), Best measure","alcohol","GIANT_Height_Yengo"
"11","17:44134095:A:G","Forced vital capacity (FVC), Best measure","alcohol","GIANT_Height_Yengo"
"12","18:57829135:T:C","Forced expiratory volume in 1-second (FEV1), predicted","alcohol","GIANT_Height_Yengo"
"13","17:44134095:A:G","Forced expiratory volume in 1-second (FEV1), predicted percentage","alcohol","GIANT_Height_Yengo"
"14","4:39414993:A:G","Frequency of drinking alcohol","alcohol","GIANT_Height_Yengo"
"15","16:28539848:C:T","Body mass index (BMI)","alcohol","GIANT_Height_Yengo"
"16","16:53800954:T:C","Body mass index (BMI)","alcohol","GIANT_Height_Yengo"
"17","18:57829135:T:C","Body mass index (BMI)","alcohol","GIANT_Height_Yengo"
"18","12:50245706:A:G","Weight","alcohol","GIANT_Height_Yengo"
"19","16:28539848:C:T","Weight","alcohol","GIANT_Height_Yengo"
"20","16:53800954:T:C","Weight","alcohol","GIANT_Height_Yengo"
"21","18:57829135:T:C","Weight","alcohol","GIANT_Height_Yengo"
"22","12:50245706:A:G","Weight","alcohol","GIANT_Height_Yengo"
"23","16:28539848:C:T","Weight","alcohol","GIANT_Height_Yengo"
"24","16:53800954:T:C","Weight","alcohol","GIANT_Height_Yengo"
"25","18:57829135:T:C","Weight","alcohol","GIANT_Height_Yengo"
"26","16:28539848:C:T","Body fat percentage","alcohol","GIANT_Height_Yengo"
"27","16:53800954:T:C","Body fat percentage","alcohol","GIANT_Height_Yengo"
"28","18:57829135:T:C","Body fat percentage","alcohol","GIANT_Height_Yengo"
"29","16:28539848:C:T","Whole body fat mass","alcohol","GIANT_Height_Yengo"
"30","16:53800954:T:C","Whole body fat mass","alcohol","GIANT_Height_Yengo"
"31","18:57829135:T:C","Whole body fat mass","alcohol","GIANT_Height_Yengo"
"32","16:53800954:T:C","Whole body fat-free mass","alcohol","GIANT_Height_Yengo"
"33","18:57829135:T:C","Whole body fat-free mass","alcohol","GIANT_Height_Yengo"
"34","16:53800954:T:C","Whole body water mass","alcohol","GIANT_Height_Yengo"
"35","18:57829135:T:C","Whole body water mass","alcohol","GIANT_Height_Yengo"
"36","16:28539848:C:T","Body mass index (BMI)","alcohol","GIANT_Height_Yengo"
"37","16:53800954:T:C","Body mass index (BMI)","alcohol","GIANT_Height_Yengo"
"38","18:57829135:T:C","Body mass index (BMI)","alcohol","GIANT_Height_Yengo"
"39","16:28539848:C:T","Basal metabolic rate","alcohol","GIANT_Height_Yengo"
"40","16:53800954:T:C","Basal metabolic rate","alcohol","GIANT_Height_Yengo"
"41","18:57829135:T:C","Basal metabolic rate","alcohol","GIANT_Height_Yengo"
"42","16:53800954:T:C","Impedance of whole body","alcohol","GIANT_Height_Yengo"
"43","18:57829135:T:C","Impedance of whole body","alcohol","GIANT_Height_Yengo"
"44","16:53800954:T:C","Impedance of leg (right)","alcohol","GIANT_Height_Yengo"
"45","18:57829135:T:C","Impedance of leg (right)","alcohol","GIANT_Height_Yengo"
"46","16:53800954:T:C","Impedance of leg (left)","alcohol","GIANT_Height_Yengo"
"47","18:57829135:T:C","Impedance of leg (left)","alcohol","GIANT_Height_Yengo"
"48","3:38552250:A:G","Impedance of arm (right)","alcohol","GIANT_Height_Yengo"
"49","16:53800954:T:C","Impedance of arm (right)","alcohol","GIANT_Height_Yengo"
"50","18:57829135:T:C","Impedance of arm (right)","alcohol","GIANT_Height_Yengo"
"51","3:38552250:A:G","Impedance of arm (left)","alcohol","GIANT_Height_Yengo"
"52","16:53800954:T:C","Impedance of arm (left)","alcohol","GIANT_Height_Yengo"
"53","18:57829135:T:C","Impedance of arm (left)","alcohol","GIANT_Height_Yengo"
"54","16:53800954:T:C","Leg fat percentage (right)","alcohol","GIANT_Height_Yengo"
"55","18:57829135:T:C","Leg fat percentage (right)","alcohol","GIANT_Height_Yengo"
"56","16:28539848:C:T","Leg fat mass (right)","alcohol","GIANT_Height_Yengo"
"57","16:53800954:T:C","Leg fat mass (right)","alcohol","GIANT_Height_Yengo"
"58","18:57829135:T:C","Leg fat mass (right)","alcohol","GIANT_Height_Yengo"
"59","16:28539848:C:T","Leg fat-free mass (right)","alcohol","GIANT_Height_Yengo"
"60","16:53800954:T:C","Leg fat-free mass (right)","alcohol","GIANT_Height_Yengo"
"61","18:57829135:T:C","Leg fat-free mass (right)","alcohol","GIANT_Height_Yengo"
"62","16:28539848:C:T","Leg predicted mass (right)","alcohol","GIANT_Height_Yengo"
"63","16:53800954:T:C","Leg predicted mass (right)","alcohol","GIANT_Height_Yengo"
"64","18:57829135:T:C","Leg predicted mass (right)","alcohol","GIANT_Height_Yengo"
"65","16:53800954:T:C","Leg fat percentage (left)","alcohol","GIANT_Height_Yengo"
"66","18:57829135:T:C","Leg fat percentage (left)","alcohol","GIANT_Height_Yengo"
"67","16:28539848:C:T","Leg fat mass (left)","alcohol","GIANT_Height_Yengo"
"68","16:53800954:T:C","Leg fat mass (left)","alcohol","GIANT_Height_Yengo"
"69","18:57829135:T:C","Leg fat mass (left)","alcohol","GIANT_Height_Yengo"
"70","16:28539848:C:T","Leg fat-free mass (left)","alcohol","GIANT_Height_Yengo"
"71","16:53800954:T:C","Leg fat-free mass (left)","alcohol","GIANT_Height_Yengo"
"72","18:57829135:T:C","Leg fat-free mass (left)","alcohol","GIANT_Height_Yengo"
"73","16:28539848:C:T","Leg predicted mass (left)","alcohol","GIANT_Height_Yengo"
"74","16:53800954:T:C","Leg predicted mass (left)","alcohol","GIANT_Height_Yengo"
"75","18:57829135:T:C","Leg predicted mass (left)","alcohol","GIANT_Height_Yengo"
"76","11:47723938:A:G","Arm fat percentage (right)","alcohol","GIANT_Height_Yengo"
"77","16:28539848:C:T","Arm fat percentage (right)","alcohol","GIANT_Height_Yengo"
"78","16:53800954:T:C","Arm fat percentage (right)","alcohol","GIANT_Height_Yengo"
"79","18:57829135:T:C","Arm fat percentage (right)","alcohol","GIANT_Height_Yengo"
"80","16:28539848:C:T","Arm fat mass (right)","alcohol","GIANT_Height_Yengo"
"81","16:53800954:T:C","Arm fat mass (right)","alcohol","GIANT_Height_Yengo"
"82","18:57829135:T:C","Arm fat mass (right)","alcohol","GIANT_Height_Yengo"
"83","16:53800954:T:C","Arm fat-free mass (right)","alcohol","GIANT_Height_Yengo"
"84","18:57829135:T:C","Arm fat-free mass (right)","alcohol","GIANT_Height_Yengo"
"85","16:53800954:T:C","Arm predicted mass (right)","alcohol","GIANT_Height_Yengo"
"86","18:57829135:T:C","Arm predicted mass (right)","alcohol","GIANT_Height_Yengo"
"87","11:47723938:A:G","Arm fat percentage (left)","alcohol","GIANT_Height_Yengo"
"88","16:28539848:C:T","Arm fat percentage (left)","alcohol","GIANT_Height_Yengo"
"89","16:53800954:T:C","Arm fat percentage (left)","alcohol","GIANT_Height_Yengo"
"90","18:57829135:T:C","Arm fat percentage (left)","alcohol","GIANT_Height_Yengo"
"91","12:50245706:A:G","Arm fat mass (left)","alcohol","GIANT_Height_Yengo"
"92","16:28539848:C:T","Arm fat mass (left)","alcohol","GIANT_Height_Yengo"
"93","16:53800954:T:C","Arm fat mass (left)","alcohol","GIANT_Height_Yengo"
"94","18:57829135:T:C","Arm fat mass (left)","alcohol","GIANT_Height_Yengo"
"95","16:53800954:T:C","Arm fat-free mass (left)","alcohol","GIANT_Height_Yengo"
"96","18:57829135:T:C","Arm fat-free mass (left)","alcohol","GIANT_Height_Yengo"
"97","16:53800954:T:C","Arm predicted mass (left)","alcohol","GIANT_Height_Yengo"
"98","18:57829135:T:C","Arm predicted mass (left)","alcohol","GIANT_Height_Yengo"
"99","11:47723938:A:G","Trunk fat percentage","alcohol","GIANT_Height_Yengo"
"100","16:28539848:C:T","Trunk fat percentage","alcohol","GIANT_Height_Yengo"
"101","16:53800954:T:C","Trunk fat percentage","alcohol","GIANT_Height_Yengo"
"102","18:57829135:T:C","Trunk fat percentage","alcohol","GIANT_Height_Yengo"
"103","16:28539848:C:T","Trunk fat mass","alcohol","GIANT_Height_Yengo"
"104","16:53800954:T:C","Trunk fat mass","alcohol","GIANT_Height_Yengo"
"105","18:57829135:T:C","Trunk fat mass","alcohol","GIANT_Height_Yengo"
"106","2:23889134:C:G","Trunk fat-free mass","alcohol","GIANT_Height_Yengo"
"107","16:53800954:T:C","Trunk fat-free mass","alcohol","GIANT_Height_Yengo"
"108","18:57829135:T:C","Trunk fat-free mass","alcohol","GIANT_Height_Yengo"
"109","2:23889134:C:G","Trunk predicted mass","alcohol","GIANT_Height_Yengo"
"110","16:53800954:T:C","Trunk predicted mass","alcohol","GIANT_Height_Yengo"
"111","18:57829135:T:C","Trunk predicted mass","alcohol","GIANT_Height_Yengo"
"112","17:44134095:A:G","Relative age of first facial hair","alcohol","GIANT_Height_Yengo"
"113","17:44134095:A:G","Hair/balding pattern: Pattern 1","alcohol","GIANT_Height_Yengo"
"114","17:44134095:A:G","Hair/balding pattern: Pattern 3","alcohol","GIANT_Height_Yengo"
"115","17:44134095:A:G","Hair/balding pattern: Pattern 4","alcohol","GIANT_Height_Yengo"
"116","16:53800954:T:C","Age when periods started (menarche)","alcohol","GIANT_Height_Yengo"
"117","17:44134095:A:G","Red blood cell (erythrocyte) count","alcohol","GIANT_Height_Yengo"
"118","17:44134095:A:G","Haemoglobin concentration","alcohol","GIANT_Height_Yengo"
"119","17:44134095:A:G","Haematocrit percentage","alcohol","GIANT_Height_Yengo"
"120","17:44134095:A:G","Red blood cell (erythrocyte) distribution width","alcohol","GIANT_Height_Yengo"
"121","12:54626752:T:C","Platelet count","alcohol","GIANT_Height_Yengo"
"122","12:54626752:T:C","Mean platelet (thrombocyte) volume","alcohol","GIANT_Height_Yengo"
"123","17:27588806:C:A","Mean platelet (thrombocyte) volume","alcohol","GIANT_Height_Yengo"
"124","7:73007943:G:A","Monocyte percentage","alcohol","GIANT_Height_Yengo"
"125","17:44134095:A:G","Eosinophill percentage","alcohol","GIANT_Height_Yengo"
"126","7:73007943:G:A","Reticulocyte percentage","alcohol","GIANT_Height_Yengo"
"127","7:73007943:G:A","Reticulocyte count","alcohol","GIANT_Height_Yengo"
"128","17:44134095:A:G","Reticulocyte count","alcohol","GIANT_Height_Yengo"
"129","17:44134095:A:G","Mean reticulocyte volume","alcohol","GIANT_Height_Yengo"
"130","7:73007943:G:A","Mean sphered cell volume","alcohol","GIANT_Height_Yengo"
"131","17:44134095:A:G","Mean sphered cell volume","alcohol","GIANT_Height_Yengo"
"132","7:73007943:G:A","High light scatter reticulocyte percentage","alcohol","GIANT_Height_Yengo"
"133","7:73007943:G:A","High light scatter reticulocyte count","alcohol","GIANT_Height_Yengo"
"134","17:44134095:A:G","High light scatter reticulocyte count","alcohol","GIANT_Height_Yengo"
"135","17:44134095:A:G","Forced vital capacity (FVC)","alcohol","GIANT_Height_Yengo"
"136","17:44134095:A:G","Forced expiratory volume in 1-second (FEV1)","alcohol","GIANT_Height_Yengo"
"137","16:53800954:T:C","Ankle spacing width","alcohol","GIANT_Height_Yengo"
"138","18:57829135:T:C","Ankle spacing width","alcohol","GIANT_Height_Yengo"
"139","16:53800954:T:C","Ankle spacing width (left)","alcohol","GIANT_Height_Yengo"
"140","18:57829135:T:C","Ankle spacing width (left)","alcohol","GIANT_Height_Yengo"
"141","16:53800954:T:C","Ankle spacing width (right)","alcohol","GIANT_Height_Yengo"
"142","18:57829135:T:C","Ankle spacing width (right)","alcohol","GIANT_Height_Yengo"
"143","16:28539848:C:T","Waist circumference","alcohol","GIANT_Height_Yengo"
"144","16:53800954:T:C","Waist circumference","alcohol","GIANT_Height_Yengo"
"145","18:57829135:T:C","Waist circumference","alcohol","GIANT_Height_Yengo"
"146","16:28539848:C:T","Hip circumference","alcohol","GIANT_Height_Yengo"
"147","16:53800954:T:C","Hip circumference","alcohol","GIANT_Height_Yengo"
"148","18:57829135:T:C","Hip circumference","alcohol","GIANT_Height_Yengo"
"149","2:23889134:C:G","Standing height","alcohol","GIANT_Height_Yengo"
"150","18:57829135:T:C","Standing height","alcohol","GIANT_Height_Yengo"
"151","6:98344031:G:A","Qualifications: College or University degree","alcohol","GIANT_Height_Yengo"
